"Base Lot Name","PJ-59999999-2"
"Wafer Flow Name","WaferFlow/LWPRD/MY-DATA"
"Recipe Step From","Head"
"Recipe Step To","Tail"

"sec","3_LLS_12-11_VSRA Press.(Pa) [Source]_867_PJ-12311957-2_01","3_LLS_12-11_VSRA Press.(Pa) [Source]_867_PJ-12311957-2_01","3_LLS_12-11_VSRA Press.(Pa) [Source]_867_PJ-12311957-2_02","3_LLS_12-11_VSRA Press.(Pa) [Source]_867_PJ-12311957-2_02","3_LLS_12-11_VSRA Press.(Pa) [Source]_867_PJ-12311957-2_03","3_LLS_12-11_VSRA Press.(Pa) [Source]_867_PJ-12311957-2_03","3_LLS_12-11_VSRA Press.(Pa) [Source]_865_PJ-0305110002-2_01","3_LLS_12-11_VSRA Press.(Pa) [Source]_865_PJ-0305110002-2_01","3_LLS_12-11_VSRA Press.(Pa) [Source]_859_PJ-0304110453-2_01","3_LLS_12-11_VSRA Press.(Pa) [Source]_859_PJ-0304110453-2_01","3_LLS_12-11_VSRA Press.(Pa) [Source]_859_PJ-0304110453-2_02","3_LLS_12-11_VSRA Press.(Pa) [Source]_859_PJ-0304110453-2_02","3_LLS_12-11_VSRA Press.(Pa) [Source]_859_PJ-0304110453-2_03","3_LLS_12-11_VSRA Press.(Pa) [Source]_859_PJ-0304110453-2_03","3_LLS_12-11_VSRA Press.(Pa) [Source]_859_PJ-0304110453-2_04","3_LLS_12-11_VSRA Press.(Pa) [Source]_859_PJ-0304110453-2_04","3_LLS_12-11_VSRA Press.(Pa) [Source]_859_PJ-0304110453-2_05","3_LLS_12-11_VSRA Press.(Pa) [Source]_859_PJ-0304110453-2_05","3_LLS_12-11_VSRA Press.(Pa) [Source]_857_PJ-0304080030-2_01","3_LLS_12-11_VSRA Press.(Pa) [Source]_857_PJ-0304080030-2_01","3_LLS_12-11_VSRA Press.(Pa) [Source]_839_PJ-0225080610-2_01","3_LLS_12-11_VSRA Press.(Pa) [Source]_839_PJ-0225080610-2_01","3_LLS_12-11_VSRA Press.(Pa) [Source]_839_PJ-0225080610-2_02","3_LLS_12-11_VSRA Press.(Pa) [Source]_839_PJ-0225080610-2_02","3_LLS_12-11_VSRA Press.(Pa) [Source]_839_PJ-0225080610-2_03","3_LLS_12-11_VSRA Press.(Pa) [Source]_839_PJ-0225080610-2_03","3_LLS_12-11_VSRA Press.(Pa) [Source]_839_PJ-0225080610-2_04","3_LLS_12-11_VSRA Press.(Pa) [Source]_839_PJ-0225080610-2_04","3_LLS_12-11_VSRA Press.(Pa) [Source]_839_PJ-0225080610-2_05","3_LLS_12-11_VSRA Press.(Pa) [Source]_839_PJ-0225080610-2_05","3_LLS_12-11_VSRA Press.(Pa) [Source]_839_PJ-0225080610-2_06","3_LLS_12-11_VSRA Press.(Pa) [Source]_839_PJ-0225080610-2_06","3_LLS_12-11_VSRA Press.(Pa) [Source]_839_PJ-0225080610-2_07","3_LLS_12-11_VSRA Press.(Pa) [Source]_839_PJ-0225080610-2_07","3_LLS_12-11_VSRA Press.(Pa) [Source]_839_PJ-0225080610-2_08","3_LLS_12-11_VSRA Press.(Pa) [Source]_839_PJ-0225080610-2_08"
"sec","step","valid","step","valid","step","valid","step","valid","step","valid","step","valid","step","valid","step","valid","step","valid","step","valid","step","valid","step","valid","step","valid","step","valid","step","valid","step","valid","step","valid","step","valid"
"0.00","PreWait","1.71","PreWait","14.13","PreWait","14.57","PreWait","1.70","PreWait","1.65","PreWait","1.33","PreWait","1.34","PreWait","1.33","PreWait","1.33","PreWait","1.67","PreWait","1.68","PreWait","1.33","PreWait","1.29","PreWait","1.35","PreWait","1.33","PreWait","1.38","PreWait","1.34","PreWait","1.38"
"1.00","PreWait","1.58","PreWait","17.13","PreWait","17.65","PreWait","1.54","PreWait","1.52","PreWait","1.20","PreWait","1.21","PreWait","1.17","PreWait","1.17","PreWait","1.53","PreWait","1.55","PreWait","1.25","PreWait","1.21","PreWait","1.19","PreWait","1.18","PreWait","1.21","PreWait","1.22","PreWait","1.26"
"2.00","PreWait","1.56","PreWait","19.01","PreWait","18.34","PreWait","1.54","PreWait","1.52","PreWait","1.14","PreWait","1.14","PreWait","1.11","PreWait","1.11","PreWait","1.53","PreWait","1.54","PreWait","1.18","PreWait","1.15","PreWait","1.13","PreWait","1.11","PreWait","1.14","PreWait","1.16","PreWait","1.18"
"3.00","PreWait","1.56","PreWait","20.11","PreWait","21.90","PreWait","1.54","PreWait","1.52","PreWait","1.08","PreWait","1.08","PreWait","1.07","PreWait","1.07","PreWait","1.53","PreWait","1.54","PreWait","1.11","PreWait","1.08","PreWait","1.08","PreWait","1.08","PreWait","1.09","PreWait","1.09","PreWait","1.12"
"4.00","PreWait","1.62","PreWait","26.68","PreWait","28.81","PreWait","1.54","PreWait","1.53","PreWait","1.08","PreWait","1.06","PreWait","1.07","PreWait","1.07","PreWait","1.53","PreWait","1.54","PreWait","1.08","PreWait","1.06","PreWait","1.08","PreWait","1.08","PreWait","1.03","PreWait","1.04","PreWait","1.06"
"5.00","PreWait","1.96","PreWait","25.89","PreWait","34.53","PreWait","1.54","PreWait","1.52","PreWait","1.08","PreWait","1.06","PreWait","1.07","PreWait","1.08","PreWait","1.53","PreWait","1.54","PreWait","1.08","PreWait","1.06","PreWait","1.08","PreWait","1.08","PreWait","0.99","PreWait","0.99","PreWait","1.01"
"6.00","PreWait","2.10","PreWait","22.62","PreWait","39.75","PreWait","1.54","PreWait","1.52","PreWait","1.08","PreWait","1.07","PreWait","1.07","PreWait","1.08","PreWait","1.53","PreWait","1.55","PreWait","1.08","PreWait","1.07","PreWait","1.09","PreWait","1.08","PreWait","0.94","PreWait","0.95","PreWait","0.97"
"7.00","PreWait","2.10","PreWait","20.75","PreWait","43.49","PreWait","1.54","PreWait","1.52","PreWait","1.08","PreWait","1.07","PreWait","1.08","PreWait","1.07","PreWait","1.53","PreWait","1.55","PreWait","1.08","PreWait","1.07","PreWait","1.08","PreWait","1.08","PreWait","0.91","PreWait","0.91","PreWait","0.93"
"8.00","PreWait","2.10","PreWait","20.10","PreWait","43.52","PreWait","1.54","PreWait","1.52","PreWait","1.08","PreWait","1.07","PreWait","1.08","PreWait","1.08","PreWait","1.53","PreWait","1.55","PreWait","1.08","PreWait","1.06","PreWait","1.09","PreWait","1.08","PreWait","0.88","PreWait","0.88","PreWait","0.89"
"9.00","PreWait","2.10","PreWait","23.57","PreWait","43.52","PreWait","1.54","PreWait","1.52","PreWait","1.08","PreWait","1.07","PreWait","1.08","PreWait","1.08","PreWait","1.53","PreWait","1.54","PreWait","1.08","PreWait","1.07","PreWait","1.09","PreWait","1.08","PreWait","0.84","PreWait","0.85","PreWait","0.86"
"10.00","PreWait","2.10","PreWait","30.43","PreWait","43.48","PreWait","1.54","PreWait","1.52","PreWait","1.08","PreWait","1.07","PreWait","1.08","PreWait","1.08","PreWait","1.53","PreWait","1.55","PreWait","1.08","PreWait","1.07","PreWait","1.09","PreWait","1.08","PreWait","0.82","PreWait","0.82","PreWait","0.83"
"11.00","PreWait","2.10","PreWait","37.13","PreWait","43.49","PreWait","1.54","PreWait","1.53","PreWait","1.08","PreWait","1.07","PreWait","1.07","PreWait","1.08","PreWait","1.53","PreWait","1.55","PreWait","1.08","PreWait","1.07","PreWait","1.08","PreWait","1.08","PreWait","0.80","PreWait","0.81","PreWait","0.81"
"12.00","PreWait","2.10","PreWait","41.68","PreWait","43.52","PreWait","1.79","PreWait","1.57","PreWait","1.08","PreWait","1.07","PreWait","1.08","PreWait","1.08","PreWait","1.61","PreWait","1.55","PreWait","1.08","PreWait","1.06","PreWait","1.09","PreWait","1.08","PreWait","0.78","PreWait","0.79","PreWait","0.79"
"13.00","PreWait","2.28","PreWait","41.71","PreWait","43.51","PreWait","1.92","PreWait","1.88","PreWait","1.08","PreWait","1.07","PreWait","1.08","PreWait","1.08","PreWait","1.88","PreWait","1.79","PreWait","1.08","PreWait","1.07","PreWait","1.09","PreWait","1.08","PreWait","0.76","PreWait","0.77","PreWait","0.77"
"14.00","PreWait","2.24","PreWait","41.69","PreWait","43.45","PreWait","1.85","PreWait","1.81","PreWait","1.08","PreWait","1.07","PreWait","1.18","PreWait","1.18","PreWait","1.81","PreWait","1.86","PreWait","1.08","PreWait","1.06","PreWait","1.13","PreWait","1.18","PreWait","0.74","PreWait","0.75","PreWait","0.76"
"15.00","PreWait","2.05","PreWait","41.68","PreWait","27.83",,,"PreWait","1.69","PreWait","1.39","PreWait","1.38","PreWait","1.57","PreWait","1.56","PreWait","1.68","PreWait","1.74","PreWait","1.18","PreWait","1.36","PreWait","1.54","PreWait","1.55","PreWait","0.73","PreWait","0.73","PreWait","0.74"
"16.00",,,"PreWait","41.66","PreWait","17.41",,,,,"PreWait","1.59","PreWait","1.58","PreWait","1.55","PreWait","1.55",,,,,"PreWait","1.57","PreWait","1.55","PreWait","1.56","PreWait","1.54","PreWait","0.72","PreWait","0.72","PreWait","0.73"
"17.00",,,"PreWait","41.66","PreWait","12.08",,,,,"PreWait","1.52","PreWait","1.51","PreWait","1.47","PreWait","1.47",,,,,"PreWait","1.55","PreWait","1.49","PreWait","1.48","PreWait","1.46","PreWait","0.70","PreWait","0.70","PreWait","0.72"
"18.00",,,"PreWait","41.63","PreWait","8.48",,,,,"PreWait","1.44","PreWait","1.43","PreWait","1.39","PreWait","1.39",,,,,"PreWait","1.47","PreWait","1.41","PreWait","1.40","PreWait","1.38","PreWait","0.69","PreWait","0.69","PreWait","0.70"
"19.00",,,"PreWait","41.63","PreWait","6.39",,,,,"PreWait","6.83","PreWait","6.24","PreWait","8.06","PreWait","8.06",,,,,"PreWait","1.39","PreWait","5.35","PreWait","8.26","PreWait","8.10","PreWait","0.68","PreWait","0.68","PreWait","0.69"
"20.00",,,"PreWait","26.86","PreWait","5.06",,,,,"PreWait","7.33","PreWait","7.37",,,,,,,,,"PreWait","8.08","PreWait","7.40",,,,,"PreWait","0.67","PreWait","0.67","PreWait","0.68"
"21.00",,,"PreWait","16.98","PreWait","4.16",,,,,,,,,,,,,,,,,,,,,,,,,"PreWait","0.66","PreWait","0.66","PreWait","0.67"
"22.00",,,"PreWait","11.86","PreWait","9.32",,,,,,,,,,,,,,,,,,,,,,,,,"PreWait","0.65","PreWait","0.65","PreWait","0.66"
"23.00",,,"PreWait","8.12",,,,,,,,,,,,,,,,,,,,,,,,,,,"PreWait","0.65","PreWait","0.64","PreWait","0.65"
"24.00",,,"PreWait","6.21",,,,,,,,,,,,,,,,,,,,,,,,,,,"PreWait","0.64","PreWait","0.64","PreWait","0.64"
"25.00",,,"PreWait","4.95",,,,,,,,,,,,,,,,,,,,,,,,,,,"PreWait","0.63","PreWait","0.63","PreWait","0.64"
"26.00",,,"PreWait","8.81",,,,,,,,,,,,,,,,,,,,,,,,,,,"PreWait","0.63","PreWait","0.62","PreWait","0.63"
"27.00",,,"PreWait","8.59",,,,,,,,,,,,,,,,,,,,,,,,,,,"PreWait","0.62","PreWait","0.62","PreWait","0.62"
"28.00",,,,,,,,,,,,,,,,,,,,,,,,,,,,,,,"PreWait","0.62","PreWait","0.62","PreWait","0.62"
"29.00",,,,,,,,,,,,,,,,,,,,,,,,,,,,,,,"PreWait","0.62","PreWait","0.61","PreWait","0.62"
"30.00",,,,,,,,,,,,,,,,,,,,,,,,,,,,,,,"PreWait","0.61","PreWait","0.61","PreWait","0.61"
"31.00",,,,,,,,,,,,,,,,,,,,,,,,,,,,,,,"PreWait","0.61","PreWait","0.61","PreWait","0.61"
"32.00",,,,,,,,,,,,,,,,,,,,,,,,,,,,,,,"PreWait","0.61","PreWait","0.60","PreWait","0.61"
"33.00",,,,,,,,,,,,,,,,,,,,,,,,,,,,,,,"PreWait","0.61","PreWait","0.60","PreWait","0.61"
"34.00",,,,,,,,,,,,,,,,,,,,,,,,,,,,,,,"PreWait","0.60","PreWait","0.60","PreWait","0.60"
"35.00",,,,,,,,,,,,,,,,,,,,,,,,,,,,,,,"PreWait","0.60","PreWait","0.60","PreWait","0.60"
"36.00",,,,,,,,,,,,,,,,,,,,,,,,,,,,,,,"PreWait","0.60","PreWait","0.59","PreWait","0.60"
"37.00",,,,,,,,,,,,,,,,,,,,,,,,,,,,,,,"PreWait","0.60","PreWait","0.59","PreWait","0.60"
"38.00",,,,,,,,,,,,,,,,,,,,,,,,,,,,,,,"PreWait","0.60","PreWait","0.59","PreWait","0.60"
"39.00",,,,,,,,,,,,,,,,,,,,,,,,,,,,,,,"PreWait","0.59","PreWait","0.59","PreWait","0.59"
"40.00",,,,,,,,,,,,,,,,,,,,,,,,,,,,,,,"PreWait","0.59","PreWait","0.59","PreWait","0.59"
"41.00",,,,,,,,,,,,,,,,,,,,,,,,,,,,,,,"PreWait","0.59","PreWait","0.59","PreWait","0.60"
"42.00",,,,,,,,,,,,,,,,,,,,,,,,,,,,,,,"PreWait","0.59","PreWait","0.58","PreWait","0.59"
"43.00",,,,,,,,,,,,,,,,,,,,,,,,,,,,,,,"PreWait","0.59","PreWait","0.58","PreWait","0.59"
"44.00",,,,,,,,,,,,,,,,,,,,,,,,,,,,,,,"PreWait","0.59","PreWait","0.58","PreWait","0.59"
"45.00",,,,,,,,,,,,,,,,,,,,,,,,,,,,,,,"PreWait","0.59","PreWait","0.58","PreWait","0.59"
"46.00",,,,,,,,,,,,,,,,,,,,,,,,,,,,,,,"PreWait","0.59","PreWait","0.58","PreWait","0.59"
"47.00",,,,,,,,,,,,,,,,,,,,,,,,,,,,,,,"PreWait","0.59","PreWait","0.58","PreWait","0.58"
"48.00",,,,,,,,,,,,,,,,,,,,,,,,,,,,,,,"PreWait","0.59","PreWait","0.58","PreWait","0.58"
"49.00",,,,,,,,,,,,,,,,,,,,,,,,,,,,,,,"PreWait","0.59","PreWait","0.58","PreWait","0.59"
"50.00",,,,,,,,,,,,,,,,,,,,,,,,,,,,,,,"PreWait","0.59","PreWait","0.58","PreWait","0.59"
"51.00",,,,,,,,,,,,,,,,,,,,,,,,,,,,,,,"PreWait","0.59","PreWait","0.58","PreWait","0.59"
"52.00",,,,,,,,,,,,,,,,,,,,,,,,,,,,,,,"PreWait","0.59","PreWait","0.58","PreWait","0.59"
"53.00",,,,,,,,,,,,,,,,,,,,,,,,,,,,,,,"PreWait","0.58","PreWait","0.58","PreWait","0.58"
"54.00",,,,,,,,,,,,,,,,,,,,,,,,,,,,,,,"PreWait","0.58","PreWait","0.58","PreWait","0.59"
"55.00",,,,,,,,,,,,,,,,,,,,,,,,,,,,,,,"PreWait","0.58","PreWait","0.58","PreWait","0.58"
"56.00",,,,,,,,,,,,,,,,,,,,,,,,,,,,,,,"PreWait","0.58","PreWait","0.58","PreWait","0.58"
"57.00",,,,,,,,,,,,,,,,,,,,,,,,,,,,,,,"PreWait","0.58","PreWait","0.58","PreWait","0.58"
"58.00",,,,,,,,,,,,,,,,,,,,,,,,,,,,,,,"PreWait","0.58","PreWait","0.58","PreWait","0.58"
"59.00",,,,,,,,,,,,,,,,,,,,,,,,,,,,,,,"PreWait","0.58","PreWait","0.58","PreWait","0.58"
"60.00",,,,,,,,,,,,,,,,,,,,,,,,,,,,,,,"PreWait","0.58","PreWait","0.58","PreWait","0.58"
"61.00",,,,,,,,,,,,,,,,,,,,,,,,,,,,,,,"PreWait","0.58","PreWait","0.58","PreWait","0.58"
"62.00",,,,,,,,,,,,,,,,,,,,,,,,,,,,,,,"PreWait","0.58","PreWait","0.57","PreWait","0.58"
"63.00",,,,,,,,,,,,,,,,,,,,,,,,,,,,,,,"PreWait","0.58","PreWait","0.58","PreWait","0.58"
"64.00",,,,,,,,,,,,,,,,,,,,,,,,,,,,,,,"PreWait","0.58","PreWait","0.58","PreWait","0.58"
"65.00",,,,,,,,,,,,,,,,,,,,,,,,,,,,,,,"PreWait","0.58","PreWait","0.57","PreWait","0.58"
"66.00",,,,,,,,,,,,,,,,,,,,,,,,,,,,,,,"PreWait","0.58","PreWait","0.57","PreWait","0.58"
"67.00",,,,,,,,,,,,,,,,,,,,,,,,,,,,,,,"PreWait","0.58","PreWait","0.58","PreWait","0.58"
"68.00",,,,,,,,,,,,,,,,,,,,,,,,,,,,,,,"PreWait","0.58","PreWait","0.57","PreWait","0.58"
"69.00",,,,,,,,,,,,,,,,,,,,,,,,,,,,,,,"PreWait","0.58","PreWait","0.57","PreWait","0.58"
"70.00",,,,,,,,,,,,,,,,,,,,,,,,,,,,,,,"PreWait","0.58","PreWait","0.57","PreWait","0.58"
"71.00",,,,,,,,,,,,,,,,,,,,,,,,,,,,,,,"PreWait","0.58","PreWait","0.57","PreWait","0.58"
"72.00",,,,,,,,,,,,,,,,,,,,,,,,,,,,,,,"PreWait","0.58","PreWait","0.57","PreWait","0.58"
"73.00",,,,,,,,,,,,,,,,,,,,,,,,,,,,,,,"PreWait","0.58","PreWait","0.57","PreWait","0.58"
"74.00",,,,,,,,,,,,,,,,,,,,,,,,,,,,,,,"PreWait","0.58","PreWait","0.58","PreWait","0.58"
"75.00",,,,,,,,,,,,,,,,,,,,,,,,,,,,,,,"PreWait","0.58","PreWait","0.58","PreWait","0.58"
"76.00",,,,,,,,,,,,,,,,,,,,,,,,,,,,,,,"PreWait","0.58","PreWait","0.57","PreWait","0.58"
"77.00",,,,,,,,,,,,,,,,,,,,,,,,,,,,,,,"PreWait","0.58","PreWait","0.58","PreWait","0.58"
"78.00",,,,,,,,,,,,,,,,,,,,,,,,,,,,,,,"PreWait","0.58","PreWait","0.57","PreWait","0.58"
"79.00",,,,,,,,,,,,,,,,,,,,,,,,,,,,,,,"PreWait","0.58","PreWait","0.57","PreWait","0.58"
"80.00",,,,,,,,,,,,,,,,,,,,,,,,,,,,,,,"PreWait","0.58","PreWait","0.57","PreWait","0.58"
"81.00",,,,,,,,,,,,,,,,,,,,,,,,,,,,,,,"PreWait","0.58","PreWait","0.57","PreWait","0.58"
"82.00",,,,,,,,,,,,,,,,,,,,,,,,,,,,,,,"PreWait","0.58","PreWait","0.57","PreWait","0.58"
"83.00",,,,,,,,,,,,,,,,,,,,,,,,,,,,,,,"PreWait","0.58","PreWait","0.57","PreWait","0.58"
"84.00",,,,,,,,,,,,,,,,,,,,,,,,,,,,,,,"PreWait","0.58","PreWait","0.58","PreWait","0.58"
"85.00",,,,,,,,,,,,,,,,,,,,,,,,,,,,,,,"PreWait","0.57","PreWait","0.57","PreWait","0.57"
"86.00",,,,,,,,,,,,,,,,,,,,,,,,,,,,,,,"PreWait","0.58","PreWait","0.57","PreWait","0.58"
"87.00",,,,,,,,,,,,,,,,,,,,,,,,,,,,,,,"PreWait","0.58","PreWait","0.57","PreWait","0.58"
"88.00",,,,,,,,,,,,,,,,,,,,,,,,,,,,,,,"PreWait","0.58","PreWait","0.57","PreWait","0.58"
"89.00",,,,,,,,,,,,,,,,,,,,,,,,,,,,,,,"PreWait","0.58","PreWait","0.57","PreWait","0.57"
"90.00",,,,,,,,,,,,,,,,,,,,,,,,,,,,,,,"PreWait","0.58","PreWait","0.58","PreWait","0.58"
"91.00",,,,,,,,,,,,,,,,,,,,,,,,,,,,,,,"PreWait","0.58","PreWait","0.57","PreWait","0.58"
"92.00",,,,,,,,,,,,,,,,,,,,,,,,,,,,,,,"PreWait","0.58","PreWait","0.57","PreWait","0.58"
"93.00",,,,,,,,,,,,,,,,,,,,,,,,,,,,,,,"PreWait","0.58","PreWait","0.57","PreWait","0.58"
"94.00",,,,,,,,,,,,,,,,,,,,,,,,,,,,,,,"PreWait","0.58","PreWait","0.58","PreWait","0.58"
"95.00",,,,,,,,,,,,,,,,,,,,,,,,,,,,,,,"PreWait","0.58","PreWait","0.57","PreWait","0.58"
"96.00",,,,,,,,,,,,,,,,,,,,,,,,,,,,,,,"PreWait","0.58","PreWait","0.57","PreWait","0.58"
"97.00",,,,,,,,,,,,,,,,,,,,,,,,,,,,,,,"PreWait","0.58","PreWait","0.57","PreWait","0.58"
"98.00",,,,,,,,,,,,,,,,,,,,,,,,,,,,,,,"PreWait","0.57","PreWait","0.57","PreWait","0.58"
"99.00",,,,,,,,,,,,,,,,,,,,,,,,,,,,,,,"PreWait","0.58","PreWait","0.57","PreWait","0.58"
"100.00",,,,,,,,,,,,,,,,,,,,,,,,,,,,,,,"PreWait","0.58","PreWait","0.57","PreWait","0.58"
"101.00",,,,,,,,,,,,,,,,,,,,,,,,,,,,,,,"PreWait","0.58","PreWait","0.57","PreWait","0.57"
"102.00",,,,,,,,,,,,,,,,,,,,,,,,,,,,,,,"PreWait","0.58","PreWait","0.57","PreWait","0.58"
"103.00",,,,,,,,,,,,,,,,,,,,,,,,,,,,,,,"PreWait","0.57","PreWait","0.57","PreWait","0.57"
"104.00",,,,,,,,,,,,,,,,,,,,,,,,,,,,,,,"PreWait","0.58","PreWait","0.57","PreWait","0.58"
"105.00",,,,,,,,,,,,,,,,,,,,,,,,,,,,,,,"PreWait","0.57","PreWait","0.57","PreWait","0.57"
"106.00",,,,,,,,,,,,,,,,,,,,,,,,,,,,,,,"PreWait","0.57","PreWait","0.57","PreWait","0.57"
"107.00",,,,,,,,,,,,,,,,,,,,,,,,,,,,,,,"PreWait","0.58","PreWait","0.57","PreWait","0.57"
"108.00",,,,,,,,,,,,,,,,,,,,,,,,,,,,,,,"PreWait","0.57","PreWait","0.57","PreWait","0.58"
"109.00",,,,,,,,,,,,,,,,,,,,,,,,,,,,,,,"PreWait","0.58","PreWait","0.57","PreWait","0.57"
"110.00",,,,,,,,,,,,,,,,,,,,,,,,,,,,,,,"PreWait","0.57","PreWait","0.57","PreWait","0.57"
"111.00",,,,,,,,,,,,,,,,,,,,,,,,,,,,,,,"PreWait","0.57","PreWait","0.57","PreWait","0.58"
"112.00",,,,,,,,,,,,,,,,,,,,,,,,,,,,,,,"PreWait","0.58","PreWait","0.57","PreWait","0.57"
"113.00",,,,,,,,,,,,,,,,,,,,,,,,,,,,,,,"PreWait","0.57","PreWait","0.57","PreWait","0.58"
"114.00",,,,,,,,,,,,,,,,,,,,,,,,,,,,,,,"PreWait","0.57","PreWait","0.57","PreWait","0.57"
"115.00",,,,,,,,,,,,,,,,,,,,,,,,,,,,,,,"PreWait","0.58","PreWait","0.57","PreWait","0.57"
"116.00",,,,,,,,,,,,,,,,,,,,,,,,,,,,,,,"PreWait","0.57","PreWait","0.57","PreWait","0.57"
"117.00",,,,,,,,,,,,,,,,,,,,,,,,,,,,,,,"PreWait","0.57","PreWait","0.57","PreWait","0.57"
"118.00",,,,,,,,,,,,,,,,,,,,,,,,,,,,,,,"PreWait","0.57","PreWait","0.57","PreWait","0.57"
"119.00",,,,,,,,,,,,,,,,,,,,,,,,,,,,,,,"PreWait","0.57","PreWait","0.57","PreWait","0.57"
"120.00",,,,,,,,,,,,,,,,,,,,,,,,,,,,,,,"PreWait","0.57","PreWait","0.57","PreWait","0.57"
"121.00",,,,,,,,,,,,,,,,,,,,,,,,,,,,,,,"PreWait","0.57","PreWait","0.57","PreWait","0.57"
"122.00",,,,,,,,,,,,,,,,,,,,,,,,,,,,,,,"PreWait","0.57","PreWait","0.57","PreWait","0.57"
"123.00",,,,,,,,,,,,,,,,,,,,,,,,,,,,,,,"PreWait","0.58","PreWait","0.57","PreWait","0.57"
"124.00",,,,,,,,,,,,,,,,,,,,,,,,,,,,,,,"PreWait","0.57","PreWait","0.57","PreWait","0.57"
"125.00",,,,,,,,,,,,,,,,,,,,,,,,,,,,,,,"PreWait","0.57","PreWait","0.57","PreWait","0.57"
"126.00",,,,,,,,,,,,,,,,,,,,,,,,,,,,,,,"PreWait","0.57","PreWait","0.57","PreWait","0.57"
"127.00",,,,,,,,,,,,,,,,,,,,,,,,,,,,,,,"PreWait","0.57","PreWait","0.57","PreWait","0.57"
"128.00",,,,,,,,,,,,,,,,,,,,,,,,,,,,,,,"PreWait","0.57","PreWait","0.57","PreWait","0.57"
"129.00",,,,,,,,,,,,,,,,,,,,,,,,,,,,,,,"PreWait","0.57","PreWait","0.57","PreWait","0.57"
"130.00",,,,,,,,,,,,,,,,,,,,,,,,,,,,,,,"PreWait","0.57","PreWait","0.57","PreWait","0.57"
"131.00",,,,,,,,,,,,,,,,,,,,,,,,,,,,,,,"PreWait","0.57","PreWait","0.57","PreWait","0.57"
"132.00",,,,,,,,,,,,,,,,,,,,,,,,,,,,,,,"PreWait","0.57","PreWait","0.57","PreWait","0.57"
"133.00",,,,,,,,,,,,,,,,,,,,,,,,,,,,,,,"PreWait","0.57","PreWait","0.57","PreWait","0.57"
"134.00",,,,,,,,,,,,,,,,,,,,,,,,,,,,,,,"PreWait","0.57","PreWait","0.57","PreWait","0.57"
"135.00",,,,,,,,,,,,,,,,,,,,,,,,,,,,,,,"PreWait","0.57","PreWait","0.57","PreWait","0.57"
"136.00",,,,,,,,,,,,,,,,,,,,,,,,,,,,,,,"PreWait","0.57","PreWait","0.57","PreWait","0.57"
"137.00",,,,,,,,,,,,,,,,,,,,,,,,,,,,,,,"PreWait","0.57","PreWait","0.57","PreWait","0.57"
"138.00",,,,,,,,,,,,,,,,,,,,,,,,,,,,,,,"PreWait","0.57","PreWait","0.57","PreWait","0.57"
"139.00",,,,,,,,,,,,,,,,,,,,,,,,,,,,,,,"PreWait","0.57","PreWait","0.57","PreWait","0.57"
"140.00",,,,,,,,,,,,,,,,,,,,,,,,,,,,,,,"PreWait","0.57","PreWait","0.57","PreWait","0.57"
"141.00",,,,,,,,,,,,,,,,,,,,,,,,,,,,,,,"PreWait","0.57","PreWait","0.57","PreWait","0.57"
"142.00",,,,,,,,,,,,,,,,,,,,,,,,,,,,,,,"PreWait","0.57","PreWait","0.57","PreWait","0.57"
"143.00",,,,,,,,,,,,,,,,,,,,,,,,,,,,,,,"PreWait","0.57","PreWait","0.57","PreWait","0.57"
"144.00",,,,,,,,,,,,,,,,,,,,,,,,,,,,,,,"PreWait","0.57","PreWait","0.57","PreWait","0.57"
"145.00",,,,,,,,,,,,,,,,,,,,,,,,,,,,,,,"PreWait","0.57","PreWait","0.57","PreWait","0.57"
"146.00",,,,,,,,,,,,,,,,,,,,,,,,,,,,,,,"PreWait","0.57","PreWait","0.57","PreWait","0.57"
"147.00",,,,,,,,,,,,,,,,,,,,,,,,,,,,,,,"PreWait","0.57","PreWait","0.57","PreWait","0.57"
"148.00",,,,,,,,,,,,,,,,,,,,,,,,,,,,,,,"PreWait","0.57","PreWait","0.57","PreWait","0.57"
"149.00",,,,,,,,,,,,,,,,,,,,,,,,,,,,,,,"PreWait","0.57","PreWait","0.57","PreWait","0.57"
"150.00",,,,,,,,,,,,,,,,,,,,,,,,,,,,,,,"PreWait","0.57","PreWait","0.57","PreWait","0.56"
"151.00",,,,,,,,,,,,,,,,,,,,,,,,,,,,,,,"PreWait","0.57","PreWait","0.57","PreWait","0.57"
"152.00",,,,,,,,,,,,,,,,,,,,,,,,,,,,,,,"PreWait","0.57","PreWait","0.57","PreWait","0.57"
"153.00",,,,,,,,,,,,,,,,,,,,,,,,,,,,,,,"PreWait","0.57","PreWait","0.57","PreWait","0.57"
"154.00",,,,,,,,,,,,,,,,,,,,,,,,,,,,,,,"PreWait","0.57","PreWait","0.57","PreWait","0.57"
"155.00",,,,,,,,,,,,,,,,,,,,,,,,,,,,,,,"PreWait","0.57","PreWait","0.57","PreWait","0.57"
"156.00",,,,,,,,,,,,,,,,,,,,,,,,,,,,,,,"PreWait","0.57","PreWait","0.57","PreWait","0.57"
"157.00",,,,,,,,,,,,,,,,,,,,,,,,,,,,,,,"PreWait","0.57","PreWait","0.57","PreWait","0.57"
"158.00",,,,,,,,,,,,,,,,,,,,,,,,,,,,,,,"PreWait","0.57","PreWait","0.57","PreWait","0.57"
"159.00",,,,,,,,,,,,,,,,,,,,,,,,,,,,,,,"PreWait","0.57","PreWait","0.57","PreWait","0.57"
"160.00",,,,,,,,,,,,,,,,,,,,,,,,,,,,,,,"PreWait","0.57","PreWait","0.57","PreWait","0.57"
"161.00",,,,,,,,,,,,,,,,,,,,,,,,,,,,,,,"PreWait","0.57","PreWait","0.57","PreWait","0.57"
"162.00",,,,,,,,,,,,,,,,,,,,,,,,,,,,,,,"PreWait","0.57","PreWait","0.57","PreWait","0.57"
"163.00",,,,,,,,,,,,,,,,,,,,,,,,,,,,,,,"PreWait","0.57","PreWait","0.57","PreWait","0.57"
"164.00",,,,,,,,,,,,,,,,,,,,,,,,,,,,,,,"PreWait","0.57","PreWait","0.57","PreWait","0.57"
"165.00",,,,,,,,,,,,,,,,,,,,,,,,,,,,,,,"PreWait","0.57","PreWait","0.57","PreWait","0.57"
"166.00",,,,,,,,,,,,,,,,,,,,,,,,,,,,,,,"PreWait","0.57","PreWait","0.57","PreWait","0.57"
"167.00",,,,,,,,,,,,,,,,,,,,,,,,,,,,,,,"PreWait","0.57","PreWait","0.57","PreWait","0.57"
"168.00",,,,,,,,,,,,,,,,,,,,,,,,,,,,,,,"PreWait","0.57","PreWait","0.57","PreWait","0.57"
"169.00",,,,,,,,,,,,,,,,,,,,,,,,,,,,,,,"PreWait","0.57","PreWait","0.57","PreWait","0.57"
"170.00",,,,,,,,,,,,,,,,,,,,,,,,,,,,,,,"PreWait","0.57","PreWait","0.57","PreWait","0.57"
"171.00",,,,,,,,,,,,,,,,,,,,,,,,,,,,,,,"PreWait","0.57","PreWait","0.57","PreWait","0.57"
"172.00",,,,,,,,,,,,,,,,,,,,,,,,,,,,,,,"PreWait","0.57","PreWait","0.57","PreWait","0.57"
"173.00",,,,,,,,,,,,,,,,,,,,,,,,,,,,,,,"PreWait","0.57","PreWait","0.57","PreWait","0.57"
"174.00",,,,,,,,,,,,,,,,,,,,,,,,,,,,,,,"PreWait","0.57","PreWait","0.57","PreWait","0.57"
"175.00",,,,,,,,,,,,,,,,,,,,,,,,,,,,,,,"PreWait","0.57","PreWait","0.57","PreWait","0.57"
"176.00",,,,,,,,,,,,,,,,,,,,,,,,,,,,,,,"PreWait","0.57","PreWait","0.57","PreWait","0.57"
"177.00",,,,,,,,,,,,,,,,,,,,,,,,,,,,,,,"PreWait","0.57","PreWait","0.57","PreWait","0.57"
"178.00",,,,,,,,,,,,,,,,,,,,,,,,,,,,,,,"PreWait","0.57","PreWait","0.57","PreWait","0.57"
"179.00",,,,,,,,,,,,,,,,,,,,,,,,,,,,,,,"PreWait","0.57","PreWait","0.57","PreWait","0.57"
"180.00",,,,,,,,,,,,,,,,,,,,,,,,,,,,,,,"PreWait","0.57","PreWait","0.57","PreWait","0.57"
"181.00",,,,,,,,,,,,,,,,,,,,,,,,,,,,,,,"PreWait","0.57","PreWait","0.57","PreWait","0.57"
"182.00",,,,,,,,,,,,,,,,,,,,,,,,,,,,,,,"PreWait","0.57","PreWait","0.57","PreWait","0.57"
"183.00",,,,,,,,,,,,,,,,,,,,,,,,,,,,,,,"PreWait","0.57","PreWait","0.57","PreWait","0.57"
"184.00",,,,,,,,,,,,,,,,,,,,,,,,,,,,,,,"PreWait","0.57","PreWait","0.57","PreWait","0.57"
"185.00",,,,,,,,,,,,,,,,,,,,,,,,,,,,,,,"PreWait","0.57","PreWait","0.57","PreWait","0.57"
"186.00",,,,,,,,,,,,,,,,,,,,,,,,,,,,,,,"PreWait","0.57","PreWait","0.57","PreWait","0.57"
"187.00",,,,,,,,,,,,,,,,,,,,,,,,,,,,,,,"PreWait","0.57","PreWait","0.57","PreWait","0.57"
"188.00",,,,,,,,,,,,,,,,,,,,,,,,,,,,,,,"PreWait","0.57","PreWait","0.57","PreWait","0.57"
"189.00",,,,,,,,,,,,,,,,,,,,,,,,,,,,,,,"PreWait","0.57","PreWait","0.57","PreWait","0.57"
"190.00",,,,,,,,,,,,,,,,,,,,,,,,,,,,,,,"PreWait","0.57","PreWait","0.57","PreWait","0.57"
"191.00",,,,,,,,,,,,,,,,,,,,,,,,,,,,,,,"PreWait","0.57","PreWait","0.57","PreWait","0.57"
"192.00",,,,,,,,,,,,,,,,,,,,,,,,,,,,,,,"PreWait","0.57","PreWait","0.57","PreWait","0.57"
"193.00",,,,,,,,,,,,,,,,,,,,,,,,,,,,,,,"PreWait","0.57","PreWait","0.57","PreWait","0.57"
"194.00",,,,,,,,,,,,,,,,,,,,,,,,,,,,,,,"PreWait","0.57","PreWait","0.56","PreWait","0.57"
"195.00",,,,,,,,,,,,,,,,,,,,,,,,,,,,,,,"PreWait","0.57","PreWait","0.57","PreWait","0.57"
"196.00",,,,,,,,,,,,,,,,,,,,,,,,,,,,,,,"PreWait","0.57","PreWait","0.57","PreWait","0.57"
"197.00",,,,,,,,,,,,,,,,,,,,,,,,,,,,,,,"PreWait","0.57","PreWait","0.57","PreWait","0.57"
"198.00",,,,,,,,,,,,,,,,,,,,,,,,,,,,,,,"PreWait","0.57","PreWait","0.57","PreWait","0.57"
"199.00",,,,,,,,,,,,,,,,,,,,,,,,,,,,,,,"PreWait","0.56","PreWait","0.57","PreWait","0.57"
"200.00",,,,,,,,,,,,,,,,,,,,,,,,,,,,,,,"PreWait","0.57","PreWait","0.57","PreWait","0.57"
"201.00",,,,,,,,,,,,,,,,,,,,,,,,,,,,,,,"PreWait","0.56","PreWait","0.57","PreWait","0.57"
"202.00",,,,,,,,,,,,,,,,,,,,,,,,,,,,,,,"PreWait","0.57","PreWait","0.57","PreWait","0.57"
"203.00",,,,,,,,,,,,,,,,,,,,,,,,,,,,,,,"PreWait","0.57","PreWait","0.57","PreWait","0.57"
"204.00",,,,,,,,,,,,,,,,,,,,,,,,,,,,,,,"PreWait","0.57","PreWait","0.57","PreWait","0.57"
"205.00",,,,,,,,,,,,,,,,,,,,,,,,,,,,,,,"PreWait","0.57","PreWait","0.56","PreWait","0.57"
"206.00",,,,,,,,,,,,,,,,,,,,,,,,,,,,,,,"PreWait","0.57","PreWait","0.57","PreWait","0.57"
"207.00",,,,,,,,,,,,,,,,,,,,,,,,,,,,,,,"PreWait","0.57","PreWait","0.56","PreWait","0.57"
"208.00",,,,,,,,,,,,,,,,,,,,,,,,,,,,,,,"PreWait","0.56","PreWait","0.57","PreWait","0.57"
"209.00",,,,,,,,,,,,,,,,,,,,,,,,,,,,,,,"PreWait","0.57","PreWait","0.57","PreWait","0.57"
"210.00",,,,,,,,,,,,,,,,,,,,,,,,,,,,,,,"PreWait","0.57","PreWait","0.57","PreWait","0.57"
"211.00",,,,,,,,,,,,,,,,,,,,,,,,,,,,,,,"PreWait","0.57","PreWait","0.56","PreWait","0.57"
"212.00",,,,,,,,,,,,,,,,,,,,,,,,,,,,,,,"PreWait","0.57","PreWait","0.57","PreWait","0.57"
"213.00",,,,,,,,,,,,,,,,,,,,,,,,,,,,,,,"PreWait","0.57","PreWait","0.57","PreWait","0.57"
"214.00",,,,,,,,,,,,,,,,,,,,,,,,,,,,,,,"PreWait","0.57","PreWait","0.57","PreWait","0.57"
"215.00",,,,,,,,,,,,,,,,,,,,,,,,,,,,,,,"PreWait","0.56","PreWait","0.57","PreWait","0.57"
"216.00",,,,,,,,,,,,,,,,,,,,,,,,,,,,,,,"PreWait","0.57","PreWait","0.56","PreWait","0.57"
"217.00",,,,,,,,,,,,,,,,,,,,,,,,,,,,,,,"PreWait","0.57","PreWait","0.57","PreWait","0.57"
"218.00",,,,,,,,,,,,,,,,,,,,,,,,,,,,,,,"PreWait","0.57","PreWait","0.57","PreWait","0.57"
"219.00",,,,,,,,,,,,,,,,,,,,,,,,,,,,,,,"PreWait","0.57","PreWait","0.57","PreWait","0.57"
"220.00",,,,,,,,,,,,,,,,,,,,,,,,,,,,,,,"PreWait","0.57","PreWait","0.57","PreWait","0.57"
"221.00",,,,,,,,,,,,,,,,,,,,,,,,,,,,,,,"PreWait","0.57","PreWait","0.57","PreWait","0.57"
"222.00",,,,,,,,,,,,,,,,,,,,,,,,,,,,,,,"PreWait","0.56","PreWait","0.57","PreWait","0.57"
"223.00",,,,,,,,,,,,,,,,,,,,,,,,,,,,,,,"PreWait","0.56","PreWait","0.57","PreWait","0.57"
"224.00",,,,,,,,,,,,,,,,,,,,,,,,,,,,,,,"PreWait","0.56","PreWait","0.56","PreWait","0.57"
"225.00",,,,,,,,,,,,,,,,,,,,,,,,,,,,,,,"PreWait","0.57","PreWait","0.57","PreWait","0.57"
"226.00",,,,,,,,,,,,,,,,,,,,,,,,,,,,,,,"PreWait","0.56","PreWait","0.57","PreWait","0.57"
"227.00",,,,,,,,,,,,,,,,,,,,,,,,,,,,,,,"PreWait","0.57","PreWait","0.57","PreWait","0.57"
"228.00",,,,,,,,,,,,,,,,,,,,,,,,,,,,,,,"PreWait","0.56","PreWait","0.57","PreWait","0.57"
"229.00",,,,,,,,,,,,,,,,,,,,,,,,,,,,,,,"PreWait","0.57","PreWait","0.57","PreWait","0.57"
"230.00",,,,,,,,,,,,,,,,,,,,,,,,,,,,,,,"PreWait","0.57","PreWait","0.57","PreWait","0.57"
"231.00",,,,,,,,,,,,,,,,,,,,,,,,,,,,,,,"PreWait","0.57","PreWait","0.56","PreWait","0.57"
"232.00",,,,,,,,,,,,,,,,,,,,,,,,,,,,,,,"PreWait","0.57","PreWait","0.56","PreWait","0.57"
"233.00",,,,,,,,,,,,,,,,,,,,,,,,,,,,,,,"PreWait","0.56","PreWait","0.57","PreWait","0.56"
"234.00",,,,,,,,,,,,,,,,,,,,,,,,,,,,,,,"PreWait","0.57","PreWait","0.56","PreWait","0.57"
"235.00",,,,,,,,,,,,,,,,,,,,,,,,,,,,,,,"PreWait","0.57","PreWait","0.56","PreWait","0.57"
"236.00",,,,,,,,,,,,,,,,,,,,,,,,,,,,,,,"PreWait","0.57","PreWait","0.56","PreWait","0.57"
"237.00",,,,,,,,,,,,,,,,,,,,,,,,,,,,,,,"PreWait","0.56","PreWait","0.56","PreWait","0.56"
"238.00",,,,,,,,,,,,,,,,,,,,,,,,,,,,,,,"PreWait","0.56","PreWait","0.56","PreWait","0.57"
"239.00",,,,,,,,,,,,,,,,,,,,,,,,,,,,,,,"PreWait","0.56","PreWait","0.56","PreWait","0.56"
"240.00",,,,,,,,,,,,,,,,,,,,,,,,,,,,,,,"PreWait","0.56","PreWait","0.56","PreWait","0.57"
"241.00",,,,,,,,,,,,,,,,,,,,,,,,,,,,,,,"PreWait","0.57","PreWait","0.56","PreWait","0.56"
"242.00",,,,,,,,,,,,,,,,,,,,,,,,,,,,,,,"PreWait","0.57","PreWait","0.57","PreWait","0.56"
"243.00",,,,,,,,,,,,,,,,,,,,,,,,,,,,,,,"PreWait","0.56","PreWait","0.56","PreWait","0.57"
"244.00",,,,,,,,,,,,,,,,,,,,,,,,,,,,,,,"PreWait","0.57","PreWait","0.57","PreWait","0.57"
"245.00",,,,,,,,,,,,,,,,,,,,,,,,,,,,,,,"PreWait","0.56","PreWait","0.57","PreWait","0.56"
"246.00",,,,,,,,,,,,,,,,,,,,,,,,,,,,,,,"PreWait","0.56","PreWait","0.57","PreWait","0.57"
"247.00",,,,,,,,,,,,,,,,,,,,,,,,,,,,,,,"PreWait","0.57","PreWait","0.56","PreWait","0.57"
"248.00",,,,,,,,,,,,,,,,,,,,,,,,,,,,,,,"PreWait","0.57","PreWait","0.56","PreWait","0.56"
"249.00",,,,,,,,,,,,,,,,,,,,,,,,,,,,,,,"PreWait","0.56","PreWait","0.56","PreWait","0.56"
"250.00",,,,,,,,,,,,,,,,,,,,,,,,,,,,,,,"PreWait","0.56","PreWait","0.57","PreWait","0.56"
"251.00",,,,,,,,,,,,,,,,,,,,,,,,,,,,,,,"PreWait","0.56","PreWait","0.56","PreWait","0.56"
"252.00",,,,,,,,,,,,,,,,,,,,,,,,,,,,,,,"PreWait","0.57","PreWait","0.56","PreWait","0.56"
"253.00",,,,,,,,,,,,,,,,,,,,,,,,,,,,,,,"PreWait","0.56","PreWait","0.56","PreWait","0.56"
"254.00",,,,,,,,,,,,,,,,,,,,,,,,,,,,,,,"PreWait","0.56","PreWait","0.56","PreWait","0.56"
"255.00",,,,,,,,,,,,,,,,,,,,,,,,,,,,,,,"PreWait","0.57","PreWait","0.56","PreWait","0.57"
"256.00",,,,,,,,,,,,,,,,,,,,,,,,,,,,,,,"PreWait","0.56","PreWait","0.56","PreWait","0.57"
"257.00",,,,,,,,,,,,,,,,,,,,,,,,,,,,,,,"PreWait","0.57","PreWait","0.57","PreWait","0.57"
"258.00",,,,,,,,,,,,,,,,,,,,,,,,,,,,,,,"PreWait","0.56","PreWait","0.57","PreWait","0.56"
"259.00",,,,,,,,,,,,,,,,,,,,,,,,,,,,,,,"PreWait","0.56","PreWait","0.56","PreWait","0.57"
"260.00",,,,,,,,,,,,,,,,,,,,,,,,,,,,,,,"PreWait","0.57","PreWait","0.56","PreWait","0.57"
"261.00",,,,,,,,,,,,,,,,,,,,,,,,,,,,,,,"PreWait","0.57","PreWait","0.56","PreWait","0.57"
"262.00",,,,,,,,,,,,,,,,,,,,,,,,,,,,,,,"PreWait","0.56","PreWait","0.56","PreWait","0.56"
"263.00",,,,,,,,,,,,,,,,,,,,,,,,,,,,,,,"PreWait","0.56","PreWait","0.56","PreWait","0.56"
"264.00",,,,,,,,,,,,,,,,,,,,,,,,,,,,,,,"PreWait","0.56","PreWait","0.56","PreWait","0.56"
"265.00",,,,,,,,,,,,,,,,,,,,,,,,,,,,,,,"PreWait","0.56","PreWait","0.56","PreWait","0.56"
"266.00",,,,,,,,,,,,,,,,,,,,,,,,,,,,,,,"PreWait","0.56","PreWait","0.56","PreWait","0.56"
"267.00",,,,,,,,,,,,,,,,,,,,,,,,,,,,,,,"PreWait","0.56","PreWait","0.56","PreWait","0.57"
"268.00",,,,,,,,,,,,,,,,,,,,,,,,,,,,,,,"PreWait","0.56","PreWait","0.56","PreWait","0.56"
"269.00",,,,,,,,,,,,,,,,,,,,,,,,,,,,,,,"PreWait","0.56","PreWait","0.56","PreWait","0.57"
"270.00",,,,,,,,,,,,,,,,,,,,,,,,,,,,,,,"PreWait","0.56","PreWait","0.56","PreWait","0.56"
"271.00",,,,,,,,,,,,,,,,,,,,,,,,,,,,,,,"PreWait","0.56","PreWait","0.56","PreWait","0.56"
"272.00",,,,,,,,,,,,,,,,,,,,,,,,,,,,,,,"PreWait","0.56","PreWait","0.56","PreWait","0.56"
"273.00",,,,,,,,,,,,,,,,,,,,,,,,,,,,,,,"PreWait","0.56","PreWait","0.56","PreWait","0.56"
"274.00",,,,,,,,,,,,,,,,,,,,,,,,,,,,,,,"PreWait","0.56","PreWait","0.56","PreWait","0.57"
"275.00",,,,,,,,,,,,,,,,,,,,,,,,,,,,,,,"PreWait","0.56","PreWait","0.56","PreWait","0.57"
"276.00",,,,,,,,,,,,,,,,,,,,,,,,,,,,,,,"PreWait","0.57","PreWait","0.56","PreWait","0.56"
"277.00",,,,,,,,,,,,,,,,,,,,,,,,,,,,,,,"PreWait","0.56","PreWait","0.56","PreWait","0.57"
"278.00",,,,,,,,,,,,,,,,,,,,,,,,,,,,,,,"PreWait","0.57","PreWait","0.56","PreWait","0.56"
"279.00",,,,,,,,,,,,,,,,,,,,,,,,,,,,,,,"PreWait","0.68","PreWait","0.56","PreWait","0.56"
"280.00",,,,,,,,,,,,,,,,,,,,,,,,,,,,,,,"PreWait","1.23","PreWait","0.56","PreWait","0.56"
"281.00",,,,,,,,,,,,,,,,,,,,,,,,,,,,,,,"PreWait","1.32","PreWait","0.56","PreWait","0.77"
"282.00",,,,,,,,,,,,,,,,,,,,,,,,,,,,,,,"PreWait","1.31","PreWait","0.56","PreWait","1.54"
"283.00",,,,,,,,,,,,,,,,,,,,,,,,,,,,,,,"PreWait","1.28","PreWait","0.56","PreWait","1.65"
"284.00",,,,,,,,,,,,,,,,,,,,,,,,,,,,,,,"PreWait","8.27","PreWait","0.56","PreWait","1.60"
"285.00",,,,,,,,,,,,,,,,,,,,,,,,,,,,,,,,,"PreWait","0.56","PreWait","1.55"
"286.00",,,,,,,,,,,,,,,,,,,,,,,,,,,,,,,,,"PreWait","0.57","PreWait","8.36"
"287.00",,,,,,,,,,,,,,,,,,,,,,,,,,,,,,,,,"PreWait","0.56",,
"288.00",,,,,,,,,,,,,,,,,,,,,,,,,,,,,,,,,"PreWait","0.56",,
"289.00",,,,,,,,,,,,,,,,,,,,,,,,,,,,,,,,,"PreWait","0.56",,
"290.00",,,,,,,,,,,,,,,,,,,,,,,,,,,,,,,,,"PreWait","0.56",,
"291.00",,,,,,,,,,,,,,,,,,,,,,,,,,,,,,,,,"PreWait","0.56",,
"292.00",,,,,,,,,,,,,,,,,,,,,,,,,,,,,,,,,"PreWait","0.57",,
"293.00",,,,,,,,,,,,,,,,,,,,,,,,,,,,,,,,,"PreWait","0.56",,
"294.00",,,,,,,,,,,,,,,,,,,,,,,,,,,,,,,,,"PreWait","0.56",,
"295.00",,,,,,,,,,,,,,,,,,,,,,,,,,,,,,,,,"PreWait","0.56",,
"296.00",,,,,,,,,,,,,,,,,,,,,,,,,,,,,,,,,"PreWait","0.56",,
"297.00",,,,,,,,,,,,,,,,,,,,,,,,,,,,,,,,,"PreWait","0.56",,
"298.00",,,,,,,,,,,,,,,,,,,,,,,,,,,,,,,,,"PreWait","0.56",,
"299.00",,,,,,,,,,,,,,,,,,,,,,,,,,,,,,,,,"PreWait","0.56",,
"300.00",,,,,,,,,,,,,,,,,,,,,,,,,,,,,,,,,"PreWait","0.56",,
"301.00",,,,,,,,,,,,,,,,,,,,,,,,,,,,,,,,,"PreWait","0.56",,
"302.00",,,,,,,,,,,,,,,,,,,,,,,,,,,,,,,,,"PreWait","0.56",,
"303.00",,,,,,,,,,,,,,,,,,,,,,,,,,,,,,,,,"PreWait","0.56",,
"304.00",,,,,,,,,,,,,,,,,,,,,,,,,,,,,,,,,"PreWait","0.56",,
"305.00",,,,,,,,,,,,,,,,,,,,,,,,,,,,,,,,,"PreWait","0.56",,
"306.00",,,,,,,,,,,,,,,,,,,,,,,,,,,,,,,,,"PreWait","0.56",,
"307.00",,,,,,,,,,,,,,,,,,,,,,,,,,,,,,,,,"PreWait","0.56",,
"308.00",,,,,,,,,,,,,,,,,,,,,,,,,,,,,,,,,"PreWait","0.56",,
"309.00",,,,,,,,,,,,,,,,,,,,,,,,,,,,,,,,,"PreWait","0.56",,
"310.00",,,,,,,,,,,,,,,,,,,,,,,,,,,,,,,,,"PreWait","0.56",,
"311.00",,,,,,,,,,,,,,,,,,,,,,,,,,,,,,,,,"PreWait","0.56",,
"312.00",,,,,,,,,,,,,,,,,,,,,,,,,,,,,,,,,"PreWait","0.56",,
"313.00",,,,,,,,,,,,,,,,,,,,,,,,,,,,,,,,,"PreWait","0.56",,
"314.00",,,,,,,,,,,,,,,,,,,,,,,,,,,,,,,,,"PreWait","0.56",,
"315.00",,,,,,,,,,,,,,,,,,,,,,,,,,,,,,,,,"PreWait","0.56",,
"316.00",,,,,,,,,,,,,,,,,,,,,,,,,,,,,,,,,"PreWait","0.57",,
"317.00",,,,,,,,,,,,,,,,,,,,,,,,,,,,,,,,,"PreWait","0.57",,
"318.00",,,,,,,,,,,,,,,,,,,,,,,,,,,,,,,,,"PreWait","0.88",,
"319.00",,,,,,,,,,,,,,,,,,,,,,,,,,,,,,,,,"PreWait","1.30",,
"320.00",,,,,,,,,,,,,,,,,,,,,,,,,,,,,,,,,"PreWait","1.34",,
"321.00",,,,,,,,,,,,,,,,,,,,,,,,,,,,,,,,,"PreWait","1.32",,
"322.00",,,,,,,,,,,,,,,,,,,,,,,,,,,,,,,,,"PreWait","3.02",,
