"Base Lot Name","PJ-55555555555-1"
"Wafer Flow Name","WaferFlow/UPPRD/MY-DATA"
"Recipe Step From","Head"
"Recipe Step To","Tail"

"sec","5_LLS_12-12_VSRA Press.(Pa) [Source]_866_PJ-12311960-1_01","5_LLS_12-12_VSRA Press.(Pa) [Source]_866_PJ-12311960-1_01","5_LLS_12-12_VSRA Press.(Pa) [Source]_866_PJ-12311960-1_02","5_LLS_12-12_VSRA Press.(Pa) [Source]_866_PJ-12311960-1_02","5_LLS_12-12_VSRA Press.(Pa) [Source]_866_PJ-12311960-1_03","5_LLS_12-12_VSRA Press.(Pa) [Source]_866_PJ-12311960-1_03","5_LLS_12-12_VSRA Press.(Pa) [Source]_864_PJ-0305110002-1_01","5_LLS_12-12_VSRA Press.(Pa) [Source]_864_PJ-0305110002-1_01","5_LLS_12-12_VSRA Press.(Pa) [Source]_858_PJ-0304110453-1_01","5_LLS_12-12_VSRA Press.(Pa) [Source]_858_PJ-0304110453-1_01","5_LLS_12-12_VSRA Press.(Pa) [Source]_858_PJ-0304110453-1_02","5_LLS_12-12_VSRA Press.(Pa) [Source]_858_PJ-0304110453-1_02","5_LLS_12-12_VSRA Press.(Pa) [Source]_858_PJ-0304110453-1_03","5_LLS_12-12_VSRA Press.(Pa) [Source]_858_PJ-0304110453-1_03","5_LLS_12-12_VSRA Press.(Pa) [Source]_858_PJ-0304110453-1_04","5_LLS_12-12_VSRA Press.(Pa) [Source]_858_PJ-0304110453-1_04","5_LLS_12-12_VSRA Press.(Pa) [Source]_858_PJ-0304110453-1_05","5_LLS_12-12_VSRA Press.(Pa) [Source]_858_PJ-0304110453-1_05","5_LLS_12-12_VSRA Press.(Pa) [Source]_856_PJ-0304080030-1_01","5_LLS_12-12_VSRA Press.(Pa) [Source]_856_PJ-0304080030-1_01"
"sec","step","valid","step","valid","step","valid","step","valid","step","valid","step","valid","step","valid","step","valid","step","valid","step","valid"
"0.00","PreWait","6.11","PreWait","5.30","PreWait","5.20","PreWait","2.99","PreWait","1.59","PreWait","1.50","PreWait","1.47","PreWait","1.47","PreWait","1.69","PreWait","2.99"
"1.00","PreWait","8.84","PreWait","4.32","PreWait","4.26","PreWait","2.49","PreWait","6.40","PreWait","5.90","PreWait","1.39","PreWait","1.39","PreWait","1.56","PreWait","2.35"
"2.00","PreWait","8.53","PreWait","9.68","PreWait","3.71","PreWait","2.24","PreWait","7.33","PreWait","7.38","PreWait","8.09","PreWait","8.12","PreWait","1.47","PreWait","2.13"
"3.00","PreWait","7.17","PreWait","7.91","PreWait","3.23","PreWait","2.02","PreWait","6.30","PreWait","6.31","PreWait","6.79","PreWait","6.81","PreWait","1.37","PreWait","1.93"
"4.00","PreWait","6.42","PreWait","6.78","PreWait","2.86","PreWait","1.84","PreWait","5.67","PreWait","5.66","PreWait","5.97","PreWait","5.98","PreWait","1.29","PreWait","1.76"
"5.00","PreWait","5.74","PreWait","6.02","PreWait","2.56","PreWait","1.69","PreWait","5.10","PreWait","5.09","PreWait","5.35","PreWait","5.35","PreWait","1.21","PreWait","1.62"
"6.00","PreWait","5.17","PreWait","5.38","PreWait","2.30","PreWait","1.55","PreWait","4.66","PreWait","4.65","PreWait","4.85","PreWait","4.85","PreWait","1.14","PreWait","1.49"
"7.00","PreWait","4.93","PreWait","4.87","PreWait","2.08","PreWait","1.45","PreWait","4.26","PreWait","4.23","PreWait","4.43","PreWait","4.42","PreWait","1.09","PreWait","1.39"
"8.00","PreWait","4.49","PreWait","4.40","PreWait","1.89","PreWait","1.35","PreWait","3.91","PreWait","3.89","PreWait","4.04","PreWait","4.04","PreWait","1.04","PreWait","1.30"
"9.00","PreWait","4.12","PreWait","4.03","PreWait","1.73","PreWait","1.27","PreWait","3.62","PreWait","3.60","PreWait","3.74","PreWait","3.74","PreWait","0.99","PreWait","1.22"
"10.00","PreWait","3.78","PreWait","3.71","PreWait","1.59","PreWait","1.19","PreWait","3.26","PreWait","3.25","PreWait","3.45","PreWait","3.45","PreWait","0.95","PreWait","1.15"
"11.00","PreWait","3.29","PreWait","3.29","PreWait","1.48","PreWait","1.12","PreWait","2.88","PreWait","2.87","PreWait","3.04","PreWait","3.04","PreWait","0.91","PreWait","1.09"
"12.00","PreWait","2.90","PreWait","2.90","PreWait","1.38","PreWait","1.07","PreWait","2.56","PreWait","2.56","PreWait","2.70","PreWait","2.70","PreWait","0.88",,
"13.00","PreWait","2.59","PreWait","2.59","PreWait","1.30",,,"PreWait","2.30","PreWait","2.30","PreWait","2.42","PreWait","2.41","PreWait","0.85",,
"14.00","PreWait","2.32","PreWait","2.32","PreWait","1.22",,,"PreWait","2.08","PreWait","2.08","PreWait","2.18","PreWait","2.18","PreWait","0.82",,
"15.00","PreWait","2.09","PreWait","2.10","PreWait","1.15",,,"PreWait","1.89","PreWait","1.88","PreWait","1.97","PreWait","1.97","PreWait","0.80",,
"16.00","PreWait","1.90","PreWait","1.90","PreWait","1.09",,,"PreWait","1.72","PreWait","1.73","PreWait","1.80","PreWait","1.80","PreWait","0.78",,
"17.00","PreWait","1.78","PreWait","3.01","PreWait","1.04",,,"PreWait","1.58","PreWait","1.59","PreWait","1.65","PreWait","1.65","PreWait","0.76",,
"18.00","PreWait","4.69","PreWait","7.19","PreWait","0.99",,,"PreWait","1.47","PreWait","1.47","PreWait","1.52","PreWait","1.52","PreWait","0.75",,
"19.00","PreWait","9.66","PreWait","11.52","PreWait","0.95",,,"PreWait","1.37","PreWait","1.37","PreWait","1.42","PreWait","1.42","PreWait","0.73",,
"20.00","PreWait","14.13","PreWait","14.57","PreWait","0.91",,,"PreWait","1.28","PreWait","1.29","PreWait","1.33","PreWait","1.33","PreWait","0.72",,
"21.00","PreWait","17.13","PreWait","16.45","PreWait","0.88",,,"PreWait","1.20","PreWait","1.21","PreWait","1.25","PreWait","1.25","PreWait","0.71",,
"22.00","PreWait","19.01","PreWait","17.65","PreWait","0.85",,,,,"PreWait","1.14","PreWait","1.17","PreWait","1.17","PreWait","0.70",,
"23.00",,,,,"PreWait","0.83",,,,,,,,,,,"PreWait","0.68",,
"24.00",,,,,"PreWait","0.81",,,,,,,,,,,"PreWait","0.68",,
"25.00",,,,,"PreWait","0.79",,,,,,,,,,,"PreWait","0.67",,
"26.00",,,,,"PreWait","0.77",,,,,,,,,,,"PreWait","0.66",,
"27.00",,,,,"PreWait","0.76",,,,,,,,,,,"PreWait","0.65",,
"28.00",,,,,"PreWait","0.75",,,,,,,,,,,"PreWait","0.65",,
"29.00",,,,,"PreWait","0.75",,,,,,,,,,,"PreWait","0.64",,
"30.00",,,,,"PreWait","0.74",,,,,,,,,,,"PreWait","0.64",,
"31.00",,,,,"PreWait","0.75",,,,,,,,,,,"PreWait","0.63",,
"32.00",,,,,"PreWait","0.81",,,,,,,,,,,"PreWait","0.62",,
"33.00",,,,,"PreWait","1.17",,,,,,,,,,,"PreWait","0.62",,
"34.00",,,,,,,,,,,,,,,,,"PreWait","0.62",,
"35.00",,,,,,,,,,,,,,,,,"PreWait","0.61",,
"36.00",,,,,,,,,,,,,,,,,"PreWait","0.61",,
"37.00",,,,,,,,,,,,,,,,,"PreWait","0.61",,
"38.00",,,,,,,,,,,,,,,,,"PreWait","0.60",,
"39.00",,,,,,,,,,,,,,,,,"PreWait","0.60",,
"40.00",,,,,,,,,,,,,,,,,"PreWait","0.60",,
"41.00",,,,,,,,,,,,,,,,,"PreWait","0.60",,
"42.00",,,,,,,,,,,,,,,,,"PreWait","0.60",,
"43.00",,,,,,,,,,,,,,,,,"PreWait","0.60",,
"44.00",,,,,,,,,,,,,,,,,"PreWait","0.60",,
"45.00",,,,,,,,,,,,,,,,,"PreWait","0.60",,
"46.00",,,,,,,,,,,,,,,,,"PreWait","0.60",,
"47.00",,,,,,,,,,,,,,,,,"PreWait","0.59",,
"48.00",,,,,,,,,,,,,,,,,"PreWait","0.59",,
"49.00",,,,,,,,,,,,,,,,,"PreWait","0.59",,
"50.00",,,,,,,,,,,,,,,,,"PreWait","0.59",,
"51.00",,,,,,,,,,,,,,,,,"PreWait","0.59",,
"52.00",,,,,,,,,,,,,,,,,"PreWait","0.59",,
"53.00",,,,,,,,,,,,,,,,,"PreWait","0.59",,
"54.00",,,,,,,,,,,,,,,,,"PreWait","0.59",,
"55.00",,,,,,,,,,,,,,,,,"PreWait","0.59",,
"56.00",,,,,,,,,,,,,,,,,"PreWait","0.59",,
"57.00",,,,,,,,,,,,,,,,,"PreWait","0.58",,
"58.00",,,,,,,,,,,,,,,,,"PreWait","0.59",,
"59.00",,,,,,,,,,,,,,,,,"PreWait","0.59",,
"60.00",,,,,,,,,,,,,,,,,"PreWait","0.58",,
"61.00",,,,,,,,,,,,,,,,,"PreWait","0.58",,
"62.00",,,,,,,,,,,,,,,,,"PreWait","0.58",,
"63.00",,,,,,,,,,,,,,,,,"PreWait","0.58",,
"64.00",,,,,,,,,,,,,,,,,"PreWait","0.58",,
"65.00",,,,,,,,,,,,,,,,,"PreWait","0.58",,
"66.00",,,,,,,,,,,,,,,,,"PreWait","0.58",,
"67.00",,,,,,,,,,,,,,,,,"PreWait","0.58",,
"68.00",,,,,,,,,,,,,,,,,"PreWait","0.58",,
"69.00",,,,,,,,,,,,,,,,,"PreWait","0.58",,
"70.00",,,,,,,,,,,,,,,,,"PreWait","0.58",,
"71.00",,,,,,,,,,,,,,,,,"PreWait","0.58",,
"72.00",,,,,,,,,,,,,,,,,"PreWait","0.58",,
"73.00",,,,,,,,,,,,,,,,,"PreWait","0.58",,
"74.00",,,,,,,,,,,,,,,,,"PreWait","0.58",,
"75.00",,,,,,,,,,,,,,,,,"PreWait","0.58",,
"76.00",,,,,,,,,,,,,,,,,"PreWait","0.58",,
"77.00",,,,,,,,,,,,,,,,,"PreWait","0.58",,
"78.00",,,,,,,,,,,,,,,,,"PreWait","0.58",,
"79.00",,,,,,,,,,,,,,,,,"PreWait","0.58",,
"80.00",,,,,,,,,,,,,,,,,"PreWait","0.58",,
"81.00",,,,,,,,,,,,,,,,,"PreWait","0.58",,
"82.00",,,,,,,,,,,,,,,,,"PreWait","0.58",,
"83.00",,,,,,,,,,,,,,,,,"PreWait","0.58",,
"84.00",,,,,,,,,,,,,,,,,"PreWait","0.58",,
"85.00",,,,,,,,,,,,,,,,,"PreWait","0.58",,
"86.00",,,,,,,,,,,,,,,,,"PreWait","0.58",,
"87.00",,,,,,,,,,,,,,,,,"PreWait","0.58",,
"88.00",,,,,,,,,,,,,,,,,"PreWait","0.58",,
"89.00",,,,,,,,,,,,,,,,,"PreWait","0.58",,
"90.00",,,,,,,,,,,,,,,,,"PreWait","0.58",,
"91.00",,,,,,,,,,,,,,,,,"PreWait","0.58",,
"92.00",,,,,,,,,,,,,,,,,"PreWait","0.58",,
"93.00",,,,,,,,,,,,,,,,,"PreWait","0.58",,
"94.00",,,,,,,,,,,,,,,,,"PreWait","0.58",,
"95.00",,,,,,,,,,,,,,,,,"PreWait","0.58",,
"96.00",,,,,,,,,,,,,,,,,"PreWait","0.58",,
"97.00",,,,,,,,,,,,,,,,,"PreWait","0.58",,
"98.00",,,,,,,,,,,,,,,,,"PreWait","0.58",,
"99.00",,,,,,,,,,,,,,,,,"PreWait","0.58",,
"100.00",,,,,,,,,,,,,,,,,"PreWait","0.58",,
"101.00",,,,,,,,,,,,,,,,,"PreWait","0.58",,
"102.00",,,,,,,,,,,,,,,,,"PreWait","0.58",,
"103.00",,,,,,,,,,,,,,,,,"PreWait","0.58",,
"104.00",,,,,,,,,,,,,,,,,"PreWait","0.58",,
"105.00",,,,,,,,,,,,,,,,,"PreWait","0.58",,
"106.00",,,,,,,,,,,,,,,,,"PreWait","0.58",,
"107.00",,,,,,,,,,,,,,,,,"PreWait","0.58",,
"108.00",,,,,,,,,,,,,,,,,"PreWait","0.57",,
"109.00",,,,,,,,,,,,,,,,,"PreWait","0.58",,
"110.00",,,,,,,,,,,,,,,,,"PreWait","0.57",,
"111.00",,,,,,,,,,,,,,,,,"PreWait","0.58",,
"112.00",,,,,,,,,,,,,,,,,"PreWait","0.57",,
"113.00",,,,,,,,,,,,,,,,,"PreWait","0.58",,
"114.00",,,,,,,,,,,,,,,,,"PreWait","0.57",,
"115.00",,,,,,,,,,,,,,,,,"PreWait","0.57",,
"116.00",,,,,,,,,,,,,,,,,"PreWait","0.58",,
"117.00",,,,,,,,,,,,,,,,,"PreWait","0.57",,
"118.00",,,,,,,,,,,,,,,,,"PreWait","0.57",,
"119.00",,,,,,,,,,,,,,,,,"PreWait","0.57",,
"120.00",,,,,,,,,,,,,,,,,"PreWait","0.58",,
"121.00",,,,,,,,,,,,,,,,,"PreWait","0.58",,
"122.00",,,,,,,,,,,,,,,,,"PreWait","0.57",,
"123.00",,,,,,,,,,,,,,,,,"PreWait","0.57",,
"124.00",,,,,,,,,,,,,,,,,"PreWait","0.58",,
"125.00",,,,,,,,,,,,,,,,,"PreWait","0.58",,
"126.00",,,,,,,,,,,,,,,,,"PreWait","0.57",,
"127.00",,,,,,,,,,,,,,,,,"PreWait","0.58",,
"128.00",,,,,,,,,,,,,,,,,"PreWait","0.57",,
"129.00",,,,,,,,,,,,,,,,,"PreWait","0.57",,
"130.00",,,,,,,,,,,,,,,,,"PreWait","0.57",,
"131.00",,,,,,,,,,,,,,,,,"PreWait","0.57",,
"132.00",,,,,,,,,,,,,,,,,"PreWait","0.57",,
"133.00",,,,,,,,,,,,,,,,,"PreWait","0.57",,
"134.00",,,,,,,,,,,,,,,,,"PreWait","0.57",,
"135.00",,,,,,,,,,,,,,,,,"PreWait","0.57",,
"136.00",,,,,,,,,,,,,,,,,"PreWait","0.57",,
"137.00",,,,,,,,,,,,,,,,,"PreWait","0.57",,
"138.00",,,,,,,,,,,,,,,,,"PreWait","0.57",,
"139.00",,,,,,,,,,,,,,,,,"PreWait","0.57",,
"140.00",,,,,,,,,,,,,,,,,"PreWait","0.57",,
"141.00",,,,,,,,,,,,,,,,,"PreWait","0.57",,
"142.00",,,,,,,,,,,,,,,,,"PreWait","0.57",,
"143.00",,,,,,,,,,,,,,,,,"PreWait","0.57",,
"144.00",,,,,,,,,,,,,,,,,"PreWait","0.57",,
"145.00",,,,,,,,,,,,,,,,,"PreWait","0.57",,
"146.00",,,,,,,,,,,,,,,,,"PreWait","0.57",,
"147.00",,,,,,,,,,,,,,,,,"PreWait","0.57",,
"148.00",,,,,,,,,,,,,,,,,"PreWait","0.57",,
"149.00",,,,,,,,,,,,,,,,,"PreWait","0.57",,
"150.00",,,,,,,,,,,,,,,,,"PreWait","0.57",,
"151.00",,,,,,,,,,,,,,,,,"PreWait","0.57",,
"152.00",,,,,,,,,,,,,,,,,"PreWait","0.57",,
"153.00",,,,,,,,,,,,,,,,,"PreWait","0.57",,
"154.00",,,,,,,,,,,,,,,,,"PreWait","0.57",,
"155.00",,,,,,,,,,,,,,,,,"PreWait","0.57",,
"156.00",,,,,,,,,,,,,,,,,"PreWait","0.57",,
"157.00",,,,,,,,,,,,,,,,,"PreWait","0.57",,
"158.00",,,,,,,,,,,,,,,,,"PreWait","0.57",,
"159.00",,,,,,,,,,,,,,,,,"PreWait","0.57",,
"160.00",,,,,,,,,,,,,,,,,"PreWait","0.57",,
"161.00",,,,,,,,,,,,,,,,,"PreWait","0.57",,
"162.00",,,,,,,,,,,,,,,,,"PreWait","0.57",,
"163.00",,,,,,,,,,,,,,,,,"PreWait","0.57",,
"164.00",,,,,,,,,,,,,,,,,"PreWait","0.57",,
"165.00",,,,,,,,,,,,,,,,,"PreWait","0.57",,
"166.00",,,,,,,,,,,,,,,,,"PreWait","0.57",,
"167.00",,,,,,,,,,,,,,,,,"PreWait","0.57",,
"168.00",,,,,,,,,,,,,,,,,"PreWait","0.57",,
"169.00",,,,,,,,,,,,,,,,,"PreWait","0.57",,
"170.00",,,,,,,,,,,,,,,,,"PreWait","0.57",,
"171.00",,,,,,,,,,,,,,,,,"PreWait","0.57",,
"172.00",,,,,,,,,,,,,,,,,"PreWait","0.57",,
"173.00",,,,,,,,,,,,,,,,,"PreWait","0.57",,
"174.00",,,,,,,,,,,,,,,,,"PreWait","0.57",,
"175.00",,,,,,,,,,,,,,,,,"PreWait","0.57",,
"176.00",,,,,,,,,,,,,,,,,"PreWait","0.57",,
"177.00",,,,,,,,,,,,,,,,,"PreWait","0.57",,
"178.00",,,,,,,,,,,,,,,,,"PreWait","0.57",,
"179.00",,,,,,,,,,,,,,,,,"PreWait","0.57",,
"180.00",,,,,,,,,,,,,,,,,"PreWait","0.57",,
"181.00",,,,,,,,,,,,,,,,,"PreWait","0.57",,
"182.00",,,,,,,,,,,,,,,,,"PreWait","0.57",,
"183.00",,,,,,,,,,,,,,,,,"PreWait","0.57",,
"184.00",,,,,,,,,,,,,,,,,"PreWait","0.57",,
"185.00",,,,,,,,,,,,,,,,,"PreWait","0.57",,
"186.00",,,,,,,,,,,,,,,,,"PreWait","0.57",,
"187.00",,,,,,,,,,,,,,,,,"PreWait","0.57",,
"188.00",,,,,,,,,,,,,,,,,"PreWait","0.57",,
"189.00",,,,,,,,,,,,,,,,,"PreWait","0.57",,
"190.00",,,,,,,,,,,,,,,,,"PreWait","0.57",,
"191.00",,,,,,,,,,,,,,,,,"PreWait","0.57",,
"192.00",,,,,,,,,,,,,,,,,"PreWait","0.57",,
"193.00",,,,,,,,,,,,,,,,,"PreWait","0.57",,
"194.00",,,,,,,,,,,,,,,,,"PreWait","0.57",,
"195.00",,,,,,,,,,,,,,,,,"PreWait","0.57",,
"196.00",,,,,,,,,,,,,,,,,"PreWait","0.57",,
"197.00",,,,,,,,,,,,,,,,,"PreWait","0.57",,
"198.00",,,,,,,,,,,,,,,,,"PreWait","0.57",,
"199.00",,,,,,,,,,,,,,,,,"PreWait","0.57",,
"200.00",,,,,,,,,,,,,,,,,"PreWait","0.57",,
"201.00",,,,,,,,,,,,,,,,,"PreWait","0.56",,
"202.00",,,,,,,,,,,,,,,,,"PreWait","0.57",,
"203.00",,,,,,,,,,,,,,,,,"PreWait","0.57",,
"204.00",,,,,,,,,,,,,,,,,"PreWait","0.57",,
"205.00",,,,,,,,,,,,,,,,,"PreWait","0.56",,
"206.00",,,,,,,,,,,,,,,,,"PreWait","0.57",,
"207.00",,,,,,,,,,,,,,,,,"PreWait","0.56",,
"208.00",,,,,,,,,,,,,,,,,"PreWait","0.57",,
"209.00",,,,,,,,,,,,,,,,,"PreWait","0.57",,
"210.00",,,,,,,,,,,,,,,,,"PreWait","0.56",,
"211.00",,,,,,,,,,,,,,,,,"PreWait","0.56",,
"212.00",,,,,,,,,,,,,,,,,"PreWait","0.56",,
"213.00",,,,,,,,,,,,,,,,,"PreWait","0.57",,
"214.00",,,,,,,,,,,,,,,,,"PreWait","0.56",,
"215.00",,,,,,,,,,,,,,,,,"PreWait","0.57",,
"216.00",,,,,,,,,,,,,,,,,"PreWait","0.57",,
"217.00",,,,,,,,,,,,,,,,,"PreWait","0.57",,
"218.00",,,,,,,,,,,,,,,,,"PreWait","0.57",,
"219.00",,,,,,,,,,,,,,,,,"PreWait","0.56",,
"220.00",,,,,,,,,,,,,,,,,"PreWait","0.56",,
"221.00",,,,,,,,,,,,,,,,,"PreWait","0.56",,
"222.00",,,,,,,,,,,,,,,,,"PreWait","0.57",,
"223.00",,,,,,,,,,,,,,,,,"PreWait","0.57",,
"224.00",,,,,,,,,,,,,,,,,"PreWait","0.56",,
"225.00",,,,,,,,,,,,,,,,,"PreWait","0.57",,
"226.00",,,,,,,,,,,,,,,,,"PreWait","0.56",,
"227.00",,,,,,,,,,,,,,,,,"PreWait","0.56",,
"228.00",,,,,,,,,,,,,,,,,"PreWait","0.57",,
"229.00",,,,,,,,,,,,,,,,,"PreWait","0.57",,
"230.00",,,,,,,,,,,,,,,,,"PreWait","0.56",,
"231.00",,,,,,,,,,,,,,,,,"PreWait","0.57",,
"232.00",,,,,,,,,,,,,,,,,"PreWait","0.56",,
"233.00",,,,,,,,,,,,,,,,,"PreWait","0.57",,
"234.00",,,,,,,,,,,,,,,,,"PreWait","0.56",,
"235.00",,,,,,,,,,,,,,,,,"PreWait","0.56",,
"236.00",,,,,,,,,,,,,,,,,"PreWait","0.56",,
"237.00",,,,,,,,,,,,,,,,,"PreWait","0.57",,
"238.00",,,,,,,,,,,,,,,,,"PreWait","0.56",,
"239.00",,,,,,,,,,,,,,,,,"PreWait","0.56",,
"240.00",,,,,,,,,,,,,,,,,"PreWait","0.56",,
"241.00",,,,,,,,,,,,,,,,,"PreWait","0.56",,
"242.00",,,,,,,,,,,,,,,,,"PreWait","0.57",,
"243.00",,,,,,,,,,,,,,,,,"PreWait","0.56",,
"244.00",,,,,,,,,,,,,,,,,"PreWait","0.56",,
"245.00",,,,,,,,,,,,,,,,,"PreWait","0.57",,
"246.00",,,,,,,,,,,,,,,,,"PreWait","0.56",,
"247.00",,,,,,,,,,,,,,,,,"PreWait","0.56",,
"248.00",,,,,,,,,,,,,,,,,"PreWait","0.56",,
"249.00",,,,,,,,,,,,,,,,,"PreWait","0.57",,
"250.00",,,,,,,,,,,,,,,,,"PreWait","0.56",,
"251.00",,,,,,,,,,,,,,,,,"PreWait","0.56",,
"252.00",,,,,,,,,,,,,,,,,"PreWait","0.56",,
"253.00",,,,,,,,,,,,,,,,,"PreWait","0.56",,
"254.00",,,,,,,,,,,,,,,,,"PreWait","0.56",,
"255.00",,,,,,,,,,,,,,,,,"PreWait","0.56",,
"256.00",,,,,,,,,,,,,,,,,"PreWait","0.56",,
"257.00",,,,,,,,,,,,,,,,,"PreWait","0.56",,
"258.00",,,,,,,,,,,,,,,,,"PreWait","0.56",,
"259.00",,,,,,,,,,,,,,,,,"PreWait","0.56",,
"260.00",,,,,,,,,,,,,,,,,"PreWait","0.56",,
"261.00",,,,,,,,,,,,,,,,,"PreWait","0.56",,
"262.00",,,,,,,,,,,,,,,,,"PreWait","0.56",,
"263.00",,,,,,,,,,,,,,,,,"PreWait","0.56",,
"264.00",,,,,,,,,,,,,,,,,"PreWait","0.56",,
"265.00",,,,,,,,,,,,,,,,,"PreWait","0.56",,
"266.00",,,,,,,,,,,,,,,,,"PreWait","0.56",,
"267.00",,,,,,,,,,,,,,,,,"PreWait","0.56",,
"268.00",,,,,,,,,,,,,,,,,"PreWait","0.56",,
"269.00",,,,,,,,,,,,,,,,,"PreWait","0.56",,
"270.00",,,,,,,,,,,,,,,,,"PreWait","0.56",,
"271.00",,,,,,,,,,,,,,,,,"PreWait","0.56",,
"272.00",,,,,,,,,,,,,,,,,"PreWait","0.56",,
"273.00",,,,,,,,,,,,,,,,,"PreWait","0.56",,
"274.00",,,,,,,,,,,,,,,,,"PreWait","0.56",,
"275.00",,,,,,,,,,,,,,,,,"PreWait","0.56",,
"276.00",,,,,,,,,,,,,,,,,"PreWait","0.56",,
"277.00",,,,,,,,,,,,,,,,,"PreWait","0.56",,
"278.00",,,,,,,,,,,,,,,,,"PreWait","0.56",,
"279.00",,,,,,,,,,,,,,,,,"PreWait","0.56",,
"280.00",,,,,,,,,,,,,,,,,"PreWait","0.56",,
"281.00",,,,,,,,,,,,,,,,,"PreWait","0.56",,
"282.00",,,,,,,,,,,,,,,,,"PreWait","0.56",,
"283.00",,,,,,,,,,,,,,,,,"PreWait","0.56",,
"284.00",,,,,,,,,,,,,,,,,"PreWait","0.56",,
"285.00",,,,,,,,,,,,,,,,,"PreWait","0.56",,
"286.00",,,,,,,,,,,,,,,,,"PreWait","0.56",,
"287.00",,,,,,,,,,,,,,,,,"PreWait","0.56",,
"288.00",,,,,,,,,,,,,,,,,"PreWait","0.56",,
"289.00",,,,,,,,,,,,,,,,,"PreWait","0.56",,
"290.00",,,,,,,,,,,,,,,,,"PreWait","0.56",,
"291.00",,,,,,,,,,,,,,,,,"PreWait","0.56",,
"292.00",,,,,,,,,,,,,,,,,"PreWait","0.56",,
"293.00",,,,,,,,,,,,,,,,,"PreWait","0.56",,
"294.00",,,,,,,,,,,,,,,,,"PreWait","0.56",,
